Name,Catrgory,Price,Link
"Zippo, 28994 - 201FB Zippo Stamp","სანთებელები და აქსესუარები, სანთებელა",145.00 ₾,https://www.shop.ge/files/05-2024/ad974377/17170618281606077842.png
"Zippo, 200-113464 - 200 Brushed Chrome - Tbilisi Design","სანთებელები და აქსესუარები, სანთებელა",120.00 ₾,https://www.shop.ge/files/05-2024/ad973764/17170559821112758352.png
"Zippo, 250-113461 - 250 HP Chrome - Georgian Alphabet Des","სანთებელები და აქსესუარები, სანთებელა",145.00 ₾,https://www.shop.ge/files/05-2024/ad973758/1717056051118862665.png
"Zippo, 48267-113469 - 48267 Street Brass - Georgian Dance","სანთებელები და აქსესუარები, სანთებელა",120.00 ₾,https://www.shop.ge/files/05-2024/ad973709/17170563801403574558.png
"Zippo, 49434 - Pirate Coin Design","სანთებელები და აქსესუარები, სანთებელა",175.00 ₾,https://www.shop.ge/files/05-2024/ad975563/17171399731712861137.png
"Zippo, 29864 - 218 Wolf and Moon Design","სანთებელები და აქსესუარები, სანთებელა",125.00 ₾,https://www.shop.ge/files/05-2024/ad975559/17171399151418224808.png
"Zippo, 1607 - 1607 Street Chrm Slm","სანთებელები და აქსესუარები, სანთებელა",75.00 ₾,https://www.shop.ge/files/05-2024/ad974607/17170793661813491272.png
"Zippo, 49839 - Rustic Bronze","სანთებელები და აქსესუარები, სანთებელა",155.00 ₾,https://www.shop.ge/files/05-2024/ad974605/17170791961131815559.png
"Zippo, 1618ZB - 1618ZB Slm Black W/Zippo-Border - CI","სანთებელები და აქსესუარები, სანთებელა",115.00 ₾,https://www.shop.ge/files/05-2024/ad974604/171707916680100093.png
"Zippo, 49193 Glow In The Dark","სანთებელები და აქსესუარები, სანთებელა",115.00 ₾,https://www.shop.ge/files/05-2024/ad974602/17170791451668594219.png
"Zippo, 46019 - Sunflower Base Model","სანთებელები და აქსესუარები, სანთებელა",100.00 ₾,https://www.shop.ge/files/05-2024/ad974600/1717079127480138642.png
"Zippo, 49916 - Compass Design","სანთებელები და აქსესუარები, სანთებელა",175.00 ₾,https://www.shop.ge/files/05-2024/ad974599/1717079104755754072.png
"Zippo, 48120 - 218 Shark Ship Emblem","სანთებელები და აქსესუარები, სანთებელა",195.00 ₾,https://www.shop.ge/files/05-2024/ad974597/17170790811231134839.png
"Zippo, 48966 - Guy Harvey","სანთებელები და აქსესუარები, სანთებელა",115.00 ₾,https://www.shop.ge/files/05-2024/ad974596/1717079034262663961.png
"Zippo, 48561 - 200 Underwater Design","სანთებელები და აქსესუარები, სანთებელა",115.00 ₾,https://www.shop.ge/files/05-2024/ad974593/17170789972091522465.png
"Zippo, 48959 - Wood Ring Design","სანთებელები და აქსესუარები, სანთებელა",130.00 ₾,https://www.shop.ge/files/05-2024/ad974592/1717078880409360135.png
"Zippo, 48729 - 254B Elements Of Earth Design","სანთებელები და აქსესუარები, სანთებელა",155.00 ₾,https://www.shop.ge/files/05-2024/ad974591/1717078854920504684.png
"Zippo, 48385 - Deer Design","სანთებელები და აქსესუარები, სანთებელა",135.00 ₾,https://www.shop.ge/files/05-2024/ad974590/17170788331925757343.png
"Zippo, 48735 - 205 Bond BT 007 Gun Logo","სანთებელები და აქსესუარები, სანთებელა",145.00 ₾,https://www.shop.ge/files/05-2024/ad974588/1717078797276109190.png
"Zippo, 48582 - 218 Spiritual Cat Design","სანთებელები და აქსესუარები, სანთებელა",145.00 ₾,https://www.shop.ge/files/05-2024/ad974548/17170748281991463699.png
"Zippo, 49803 - Alchemy Design","სანთებელები და აქსესუარები, სანთებელა",175.00 ₾,https://www.shop.ge/files/05-2024/ad974547/17170747992084324491.png
"Zippo, 49536 - Dead Man's Hand Emblem","სანთებელები და აქსესუარები, სანთებელა",160.00 ₾,https://www.shop.ge/files/05-2024/ad974546/17170747692071345991.png
"Zippo, 48662 - 218C Chess Pieces Design","სანთებელები და აქსესუარები, სანთებელა",155.00 ₾,https://www.shop.ge/files/05-2024/ad974543/17170747451740808785.png
"Zippo, 24011 - 250 Lucky Ace","სანთებელები და აქსესუარები, სანთებელა",125.00 ₾,https://www.shop.ge/files/05-2024/ad974541/1717074715838429187.png
"Zippo, 48913 - Lucky 7 Design","სანთებელები და აქსესუარები, სანთებელა",155.00 ₾,https://www.shop.ge/files/05-2024/ad974538/1717074638961735287.png
"Zippo, 48682 - 207 All Luck Design","სანთებელები და აქსესუარები, სანთებელა",100.00 ₾,https://www.shop.ge/files/05-2024/ad974536/1717074612894155999.png
"Zippo, 48593 - 218 Hearts Design","სანთებელები და აქსესუარები, სანთებელა",140.00 ₾,https://www.shop.ge/files/05-2024/ad974535/17170745781668155975.png
"Zippo, 46013 - Love Design","სანთებელები და აქსესუარები, სანთებელა",170.00 ₾,https://www.shop.ge/files/05-2024/ad974531/17170745502036348320.png
"Zippo, 48683 - 218 Sean Dietrich","სანთებელები და აქსესუარები, სანთებელა",135.00 ₾,https://www.shop.ge/files/05-2024/ad974528/17170745271520533981.png
"Zippo, 48907 - Dragon Design","სანთებელები და აქსესუარები, სანთებელა",155.00 ₾,https://www.shop.ge/files/05-2024/ad974527/171707447936040433.png
"Zippo, 48769 - Year of the Dragon 2024","სანთებელები და აქსესუარები, სანთებელა",150.00 ₾,https://www.shop.ge/files/05-2024/ad974525/17170749181170600292.png
"Zippo, 48608 - 218 Dragon Eye Design","სანთებელები და აქსესუარები, სანთებელა",140.00 ₾,https://www.shop.ge/files/05-2024/ad974524/1717074383224187757.png
"Zippo, 29632 - 218 Joker","სანთებელები და აქსესუარები, სანთებელა",125.00 ₾,https://www.shop.ge/files/05-2024/ad974523/1717074339742480257.png
"Zippo, 48996 - Zippo Design","სანთებელები და აქსესუარები, სანთებელა",125.00 ₾,https://www.shop.ge/files/05-2024/ad974388/1717062065995181422.png
"Zippo, 48455 - 218 Zippo Design","სანთებელები და აქსესუარები, სანთებელა",125.00 ₾,https://www.shop.ge/files/05-2024/ad974387/17170620061189203309.png
"Zippo, 48689 - 218 Zippo License Plate Emblem","სანთებელები და აქსესუარები, სანთებელა",145.00 ₾,https://www.shop.ge/files/05-2024/ad974383/1717061963764087637.png
"Zippo, 48620 - 49475 Zippo It Works Design","სანთებელები და აქსესუარები, სანთებელა",125.00 ₾,https://www.shop.ge/files/05-2024/ad974382/171706191445826085.png
"Zippo, 48619 - 218 Zippo Vintage TV Design","სანთებელები და აქსესუარები, სანთებელა",125.00 ₾,https://www.shop.ge/files/05-2024/ad974378/17170618721273341861.png
"Zippo, 49193-113462 - Glow in the Dark - Georgia Design","სანთებელები და აქსესუარები, სანთებელა",225.00 ₾,https://www.shop.ge/files/05-2024/ad973770/1717062752139395738.png
"Zippo, 218-113457 - 218 Black Matte - Georgian Theme Desi","სანთებელები და აქსესუარები, სანთებელა",145.00 ₾,https://www.shop.ge/files/05-2024/ad973769/17170559292069922472.png
"Zippo, 204B-113459 - 204B Brushed Brass - Georgian Cuisin","სანთებელები და აქსესუარები, სანთებელა",145.00 ₾,https://www.shop.ge/files/05-2024/ad973768/1717062816733954027.png
"Zippo, 218-113456 - 218 Black Matte - Georgian Pattern De","სანთებელები და აქსესუარები, სანთებელა",145.00 ₾,https://www.shop.ge/files/05-2024/ad973762/17170560031638637083.png
"Zippo, 218-113472 - 218 Black Matte - Khinkali - Georgian","სანთებელები და აქსესუარები, სანთებელა",165.00 ₾,https://www.shop.ge/files/05-2024/ad973760/17170626681893014998.png
"Zippo, 49475-113463 - 49475 Metallic Red - Georgian Alpha","სანთებელები და აქსესუარები, სანთებელა",145.00 ₾,https://www.shop.ge/files/05-2024/ad973753/1717056068247343956.png
"Zippo, 132	48267-113465	სანთებელა	191693589726	48267-1134","სანთებელები და აქსესუარები, სანთებელა",120.00 ₾,https://www.shop.ge/files/05-2024/ad973737/1717056097600938187.png
"Zippo, 207-113466 - 207 Street Chrome - Qvevri - Georgia","სანთებელები და აქსესუარები, სანთებელა",120.00 ₾,https://www.shop.ge/files/05-2024/ad973726/1717056123648575269.png
"Zippo, 254B-113467 - 254 B - Qvevri - Georgia - The Cradl","სანთებელები და აქსესუარები, სანთებელა",170.00 ₾,https://www.shop.ge/files/05-2024/ad973718/1717056243196777463.png
"Zippo, 250-113468 - 250 HP Chrome - Old Tbilisi - Statue","სანთებელები და აქსესუარები, სანთებელა",145.00 ₾,https://www.shop.ge/files/05-2024/ad973716/1717056267912283720.png
"Zippo, 200-113470 - 200 Brushed Chrome - Knight in the Pa","სანთებელები და აქსესუარები, სანთებელა",125.00 ₾,https://www.shop.ge/files/05-2024/ad973713/17170563391666010514.png
"Zippo, 233-113455 - 233 Red Matte - I LOVE Georgian Flag","სანთებელები და აქსესუარები, სანთებელა",145.00 ₾,https://www.shop.ge/files/05-2024/ad973708/17170564221890031657.png
"Zippo, 200-113454 - 200 Brushed Chrome - I LOVE Georgian","სანთებელები და აქსესუარები, სანთებელა",120.00 ₾,https://www.shop.ge/files/05-2024/ad973704/17170564581280856298.png
"Zippo, 207-113471 - 207 Street Chrome - Fisherman Design","სანთებელები და აქსესუარები, სანთებელა",120.00 ₾,https://www.shop.ge/files/05-2024/ad973697/17170564921144513931.png
"Zippo, Bi-Fold Wallet",საფულეები,110.00 ₾,https://www.shop.ge/files/11-2023/ad822086/1701340875428737277.jpg
"Zippo, Bi-Fold Wallet",საფულეები,110.00 ₾,https://www.shop.ge/files/11-2023/ad822083/1701340574513726688.JPG
"Zippo, Bi-Fold Wallet",საფულეები,115.00 ₾,https://www.shop.ge/files/11-2023/ad822080/170134034478897775.JPG
"Zippo, Credit Card Wallet",საფულეები,115.00 ₾,https://www.shop.ge/files/11-2023/ad822079/17013401421724437715.JPG
"Zippo, Credit Card Wallet - Nappa",საფულეები,150.00 ₾,https://www.shop.ge/files/11-2023/ad822076/17013398731442681687.JPG
"Zippo, Tri-Fold Wallet - Nappa",საფულეები,150.00 ₾,https://www.shop.ge/files/11-2023/ad822075/17013396561477558914.JPG
"Zippo, Tri-Fold Wallet - Saffiano",საფულეები,190.00 ₾,https://www.shop.ge/files/11-2023/ad822072/17013393321820473293.JPG
SET TISANIERE OUESSANT ჩაის ჭიქა,"ჭურჭელი, კათხა",120.00 ₾,https://www.shop.ge/files/08-2023/ad704852/169089551176052224.png
"La Rochere, PICHET ABEILLE  გრაფინი","ჭურჭელი, ტოლჩა",110.00 ₾,https://www.shop.ge/files/08-2023/ad704849/169089524825666728.png
"La Rochere, VERRE LYONNAIS A VIN UNI ღვინის ჭიქა","ჭურჭელი, ღვინის ჭიქების კომპლექტი",160.00 ₾,https://www.shop.ge/files/08-2023/ad704836/16908941981326113842.png
"La Rochere, VERRE VERSAILLES A VIN ღვინის ჭიქა","ჭურჭელი, ღვინის ჭიქების კომპლექტი",150.00 ₾,https://www.shop.ge/files/08-2023/ad704831/16908938601915163332.png
"Troika, ვინდრუფი",საკანცელარიო ნივთები,90.00 ₾,https://www.shop.ge/files/07-2023/ad697461/16898472491545479063.png
"Troika, კალამი ""ტროიკა"" - CONSTRUCTION LILIPUT","საკანცელარიო ნივთები, საწერი კალამი",35.00 ₾,https://www.shop.ge/files/07-2023/ad697458/16898469461360746423.png
"Troika, კალამი ""ტროიკა"" - CONSTRUCTION LILIPUT","საკანცელარიო ნივთები, საწერი კალამი",35.00 ₾,https://www.shop.ge/files/07-2023/ad697455/16898466892103082247.png
"კალამი ""ტროიკა"" - CONSTRUCTION LILIPUT","საკანცელარიო ნივთები, საწერი კალამი",35.00 ₾,https://www.shop.ge/files/07-2023/ad697453/16898464271122739851.png
"Troika, კალამი ""ტროიკა"" - CONSTRUCTION LILIPUT","საკანცელარიო ნივთები, საწერი კალამი",35.00 ₾,https://www.shop.ge/files/07-2023/ad697452/1689846167902101328.png
"Troika, კალამი ""ტროიკა"" - CONSTRUCTION","საკანცელარიო ნივთები, საწერი კალამი",70.00 ₾,https://www.shop.ge/files/07-2023/ad697451/troika-kalami-troika-344198774.png
"Troika, კალამი ""ტროიკა"" - CONSTRUCTION","საკანცელარიო ნივთები, საწერი კალამი",71.00 ₾,https://www.shop.ge/files/07-2023/ad697449/16898455261536001045.png
"Troika, კალამი ""ტროიკა"" - CONSTRUCTION","საკანცელარიო ნივთები, საწერი კალამი",70.00 ₾,https://www.shop.ge/files/07-2023/ad697448/16898451811701008844.png
"Troika, კალამი ""ტროიკა"" - CONSTRUCTION","საკანცელარიო ნივთები, საწერი კალამი",70.00 ₾,https://www.shop.ge/files/07-2023/ad697446/168984483653946009.png
"Troika, კალამი ""ტროიკა"" - CONSTRUCTION","საკანცელარიო ნივთები, საწერი კალამი",70.00 ₾,https://www.shop.ge/files/07-2023/ad697445/16898446311086834430.png
"Troika, ტროიკას წიგნაკი შავი - LILIPAD+LILIPUT","საკანცელარიო ნივთები, ბლოკნოტი",45.00 ₾,https://www.shop.ge/files/07-2023/ad697441/1689844188283096952.png
"Troika, სპინერი","საკანცელარიო ნივთები, სასაჩუქრე ნაკრები",45.00 ₾,https://www.shop.ge/files/07-2023/ad697432/1689843129779054994.png
"Parker, პარკერის კალმის სათადარიგო გული","საკანცელარიო ნივთები, საწერი კალამი",11.00 ₾,https://www.shop.ge/files/07-2023/ad697427/1689842126633152117.png
"Parker, პარკერის კალმის სათადარიგო გული","საკანცელარიო ნივთები, საწერი კალამი",11.00 ₾,https://www.shop.ge/files/07-2023/ad697424/1689841848874742165.png
"Parker, პარკერის კალმის სათადარიგო გული","საკანცელარიო ნივთები, საწერი კალამი",11.00 ₾,https://www.shop.ge/files/07-2023/ad697421/16898415912093085379.png
"Parker, პარკერის კალმის სათადარიგო გული","საკანცელარიო ნივთები, საწერი კალამი",11.00 ₾,https://www.shop.ge/files/07-2023/ad697412/16898409512088081270.png
"Parker, პარკერის კალმის სათადარიგო გული","საკანცელარიო ნივთები, საწერი კალამი",21.00 ₾,https://www.shop.ge/files/07-2023/ad697407/1689840437578756683.png
"Parker, პარკერის კალმის სათადარიგო გული","საკანცელარიო ნივთები, საწერი კალამი",21.00 ₾,https://www.shop.ge/files/07-2023/ad697405/16898402391084269378.png
"Parker, პარკერის კალმის მელანი - PK BOTTLE INK BLUE BOX","საკანცელარიო ნივთები, საწერი კალამი",25.00 ₾,https://www.shop.ge/files/07-2023/ad697393/16898391171262097075.png
"Parker, პარკერის კალმის მელანი - PK BOTTLE INK BLUE BOX","საკანცელარიო ნივთები, საწერი კალამი",25.00 ₾,https://www.shop.ge/files/07-2023/ad697388/1689838834533537193.png
"Parker, პარკერის კალმის სათადარიგო გული - PK REF QINKFLW","საკანცელარიო ნივთები, საწერი კალამი",21.00 ₾,https://www.shop.ge/files/07-2023/ad697381/1689838514951985716.png
"Parker, პარკერის კალმის სათადარიგო გული - PK REF QINKFLW","საკანცელარიო ნივთები, საწერი კალამი",21.00 ₾,https://www.shop.ge/files/07-2023/ad696818/16897737861972972394.png
"Parker, პარკერის კალმის სათადარიგო გული - PK REF QINKFLW","საკანცელარიო ნივთები, საწერი კალამი",17.00 ₾,https://www.shop.ge/files/07-2023/ad696814/1689773277370554009.png
"Parker, პარკერის კალმის სათადარიგო გული - PK REF QINKFLW","საკანცელარიო ნივთები, საწერი კალამი",17.00 ₾,https://www.shop.ge/files/07-2023/ad696806/16897726061518122751.png
"Parker, პარკერის კალმის სათადარიგო გული - PK REF GEL BALL","საკანცელარიო ნივთები, საწერი კალამი",17.00 ₾,https://www.shop.ge/files/07-2023/ad696805/1689772210990731690.png
"Parker, PK REF GEL BALL M BLK BL1","საკანცელარიო ნივთები, საწერი კალამი",17.00 ₾,https://www.shop.ge/files/07-2023/ad696801/1689771700640393517.png
"Waterman , ვოთერმანის სასაჩუქრე კომპლექტი","საკანცელარიო ნივთები, საწერი კალამი",580.00 ₾,https://www.shop.ge/files/07-2023/ad696694/1689764298525887033.png
"Waterman , ვოთერმანის სასაჩუქრე კომპლექტი","საკანცელარიო ნივთები, საწერი კალამი",550.00 ₾,https://www.shop.ge/files/07-2023/ad696689/168976385752772413.png
"Parker, პარკერის სასაჩუქრე კომპლექტი","საკანცელარიო ნივთები, საწერი კალამი",730.00 ₾,https://www.shop.ge/files/07-2023/ad696680/16897634511457107641.png
"Parker, პარკერის სასაჩუქრე კომპლექტი","საკანცელარიო ნივთები, საწერი კალამი",450.00 ₾,https://www.shop.ge/files/07-2023/ad696675/16897631131203932391.png
"Parker, პარკერის სასაჩუქრე კომპლექტი","საკანცელარიო ნივთები, საწერი კალამი",280.00 ₾,https://www.shop.ge/files/07-2023/ad696666/16897628001459079417.png
"La Rochere, SET CARAFE + GOBELET WATER გრაფინი თავის ჭიქით","ჭურჭელი, ტოლჩა",115.00 ₾,https://www.shop.ge/files/07-2023/ad696653/1689762150632325183.png
"La Rochere, SET 4 LONG DRINK SAGA ASSORTIS კოქტეილის ჭიქა","ჭურჭელი, წყლის/წვენის ჭიქების კომპლექტი",135.00 ₾,https://www.shop.ge/files/07-2023/ad696643/1689761653950965788.png
"La Rochere, SET 4 SHOOTERS AFTER ASSORTIS არყის ჭიქა","ჭურჭელი, ვისკის ჭიქების კომპლექტი",95.00 ₾,https://www.shop.ge/files/07-2023/ad696632/1689761017251184314.png
"La Rochere, SET DE 4 GOBELETS WHISKY DANDY ვისკის ჭიქა","ჭურჭელი, ვისკის ჭიქების კომპლექტი",135.00 ₾,https://www.shop.ge/files/07-2023/ad696547/16897571872024261072.png
"La Rochere, SET DE 4 GOBELETS TROQUET ესპრესოს ჭიქა","ჭურჭელი, წყლის/წვენის ჭიქების კომპლექტი",115.00 ₾,https://www.shop.ge/files/07-2023/ad696541/1689756796370604400.png
"La Rochere, SET DE 4 GOB ABEILLE 4 COULEURS წვენის ჭიქა","ჭურჭელი, წყლის/წვენის ჭიქების კომპლექტი",140.00 ₾,https://www.shop.ge/files/07-2023/ad696529/1689756353121590637.png
"La Rochere, SET DE 4 VAP ABEILLE 4 COULEURS ღვინის ჭიქა","ჭურჭელი, ღვინის ჭიქების კომპლექტი",145.00 ₾,https://www.shop.ge/files/07-2023/ad696523/16897557641015603792.png
"La Rochere, LONG DRINK VERSAILLES წვენის ჭიქა","ჭურჭელი, წყლის/წვენის ჭიქების კომპლექტი",160.00 ₾,https://www.shop.ge/files/07-2023/ad696519/1689755248673403142.png
ABEILLE MAXI LONG DRINK ვისკის ჭიქა,"ჭურჭელი, ვისკის ჭიქების კომპლექტი",190.00 ₾,https://www.shop.ge/files/07-2023/ad696515/1689754919982924756.png
"La Rochere, MUG ZINC წვენის ჭიქა","ჭურჭელი, წყლის/წვენის ჭიქების კომპლექტი",175.00 ₾,https://www.shop.ge/files/07-2023/ad696513/1689754657511715373.png
"La Rochere, MUG OUESSANT ყავის და ჩაის ჭიქა","ჭურჭელი, ჩაის/ყავის ჭიქა",185.00 ₾,https://www.shop.ge/files/07-2023/ad696506/1689754195364088025.png
"La Rochere, LONG DRINK ABEILLE წვენის ჭიქა","ჭურჭელი, წყლის/წვენის ჭიქების კომპლექტი",155.00 ₾,https://www.shop.ge/files/07-2023/ad696502/16897538971472849517.png
"La Rochere, SET DE 4 VAP ABEILLE 6110/01 ღვინის ჭიქა","ჭურჭელი, ღვინის ჭიქების კომპლექტი",120.00 ₾,https://www.shop.ge/files/07-2023/ad696497/16897533111465920517.png
"La Rochere, SET DE 4 GOB ABEILLE 6121/01","ჭურჭელი, წყლის/წვენის ჭიქების კომპლექტი",115.00 ₾,https://www.shop.ge/files/07-2023/ad696489/16897529501308088455.png
Zippo Sunglasses - Polarized - UV-400,"სათვალეები, მზის სათვალეები",125.00 ₾,https://www.shop.ge/files/07-2023/ad695851/16896825791812728487.JPG
Zippo Sunglasses - Polarized - UV-400,"სათვალეები, მზის სათვალეები",125.00 ₾,https://www.shop.ge/files/07-2023/ad695839/16896823011683363960.JPG
Zippo Sunglasses - Polarized - UV-400,"სათვალეები, მზის სათვალეები",125.00 ₾,https://www.shop.ge/files/07-2023/ad695829/1689681886764376942.JPG
Zippo Sunglasses - Polarized - UV-400,"სათვალეები, მზის სათვალეები",125.00 ₾,https://www.shop.ge/files/07-2023/ad695821/16896815391143474318.JPG
Zippo Sunglasses - Polarized - UV-400,"სათვალეები, მზის სათვალეები",125.00 ₾,https://www.shop.ge/files/07-2023/ad695820/16896811402097192814.JPG
Zippo Sunglasses - Polarized - UV-400,"სათვალეები, მზის სათვალეები",125.00 ₾,https://www.shop.ge/files/07-2023/ad695808/1689680816384242301.JPG
Zippo Reading Glasses +1.00,"სათვალეები, საკითხავი სათვალეები",50.00 ₾,https://www.shop.ge/files/07-2023/ad695779/16896793971590531407.JPG
"Zippo, 4FC - სანთებელის სითხე","სანთებელები და აქსესუარები, სანთებელის სანთები სითხე",15.00 ₾,https://www.shop.ge/files/07-2023/ad695729/168967535943367375.JPG
"Zippo, 2425G - ფითილი - Replacement Wicks","სანთებელები და აქსესუარები, სანთებელა",7.00 ₾,https://www.shop.ge/files/07-2023/ad695727/zippo-2425g-pitili-replacemen-121049190.JPG
"Zippo, 2406NG - კაჟი 6 Flints Plastic Dispenser - Interna","სანთებელები და აქსესუარები, სანთებელის კაჟი",7.00 ₾,https://www.shop.ge/files/07-2023/ad695721/1689674846383684836.JPG
"Zippo, 48400 - BlackTactical Pouch","სანთებელები და აქსესუარები, სანთებელის ჩასადები კაბურა",85.00 ₾,https://www.shop.ge/files/07-2023/ad695715/16896747212076455942.JPG
"Zippo, LPCBK - Lighter Pouch w/Clip - Black","სანთებელები და აქსესუარები, სანთებელის ჩასადები კაბურა",60.00 ₾,https://www.shop.ge/files/07-2023/ad695711/16896745091264067830.JPG
"Zippo, LPCB - Lighter Pouch w/Clip - Brown","სანთებელები და აქსესუარები, სანთებელის ჩასადები კაბურა",60.00 ₾,https://www.shop.ge/files/07-2023/ad695709/16896742631090969719.JPG
"Zippo, 65828 - Arc Lighter Insert","სანთებელები და აქსესუარები, სანთებელის გული",95.00 ₾,https://www.shop.ge/files/07-2023/ad695699/16896736292128430633.JPG
"Zippo, 65827 - Butane Lighter Insert - Double Torch - Emp","სანთებელები და აქსესუარები, სანთებელის გული",85.00 ₾,https://www.shop.ge/files/07-2023/ad695691/1689673271770774790.JPG
"Zippo, 65826 - Butane Lighter Insert - Single Torch - Emp","სანთებელები და აქსესუარები, სანთებელის გული",70.00 ₾,https://www.shop.ge/files/07-2023/ad695684/16896730161375693045.JPG
"Zippo, 270 - 270 Vintage Hi Pol Brass","სანთებელები და აქსესუარები, სანთებელა",125.00 ₾,https://www.shop.ge/files/07-2023/ad695681/1689672416508137644.JPG
"Zippo, 1941B - 1941 Replica Brushed Brass","სანთებელები და აქსესუარები, სანთებელა",155.00 ₾,https://www.shop.ge/files/07-2023/ad695677/16896721441465591533.JPG
"Zippo, 28582 - 1941 Replica Black Crackle","სანთებელები და აქსესუარები, სანთებელა",135.00 ₾,https://www.shop.ge/files/07-2023/ad695671/16896718052118442921.jpg
"Zippo, 1941 - 1941 Replica Brushed Chrome","სანთებელები და აქსესუარები, სანთებელა",125.00 ₾,https://www.shop.ge/files/07-2023/ad695658/16896711961183609231.jpg
"Zippo, 1935.25 - 1935 Replica w/o Slash","სანთებელები და აქსესუარები, სანთებელა",165.00 ₾,https://www.shop.ge/files/07-2023/ad695656/16896709201843285418.JPG
"Zippo, 1935 Replica w/slash Original","სანთებელები და აქსესუარები, სანთებელა",165.00 ₾,https://www.shop.ge/files/07-2023/ad695610/1689667001411661499.JPG
"Zippo, 254B Reg Hi Pol Brass","სანთებელები და აქსესუარები, სანთებელა",115.00 ₾,https://www.shop.ge/files/07-2023/ad695605/16896667341542671301.JPG
"Zippo, 204B Reg Br Fin Brass","სანთებელები და აქსესუარები, სანთებელა",105.00 ₾,https://www.shop.ge/files/07-2023/ad695599/1689666547286813761.JPG
"Zippo, 201FB - 201FB Reg Antique Brass","სანთებელები და აქსესუარები, სანთებელა",125.00 ₾,https://www.shop.ge/files/07-2023/ad695589/16896663611896022730.jpg
"Zippo, 121FB - 121FB Reg Antique Sl","სანთებელები და აქსესუარები, სანთებელა",125.00 ₾,https://www.shop.ge/files/07-2023/ad695581/168966611865090450.jpg
"Zippo, 1605 - 1605 Slim Satin Chrome","სანთებელები და აქსესუარები, სანთებელა",80.00 ₾,https://www.shop.ge/files/07-2023/ad695574/1689665708289216860.jpg
"Zippo, 1600 - 1600 Slim Br Finish","სანთებელები და აქსესუარები, სანთებელა",85.00 ₾,https://www.shop.ge/files/07-2023/ad695572/1689665508530409799.jpg
"Zippo, 233 Reg Red Matte","სანთებელები და აქსესუარები, სანთებელა",95.00 ₾,https://www.shop.ge/files/07-2023/ad695571/16896652802112378401.JPG
"Zippo, 211 - 211 Reg Iron Stone","სანთებელები და აქსესუარები, სანთებელა",95.00 ₾,https://www.shop.ge/files/07-2023/ad695569/1689664973252271523.JPG
"Zippo, 207 - 207 Street Chrome","სანთებელები და აქსესუარები, სანთებელა",75.00 ₾,https://www.shop.ge/files/07-2023/ad695565/16896647361360749467.jpg
"Zippo, 205 - 205 Reg Satin Chrome","სანთებელები და აქსესუარები, სანთებელა",80.00 ₾,https://www.shop.ge/files/07-2023/ad695551/1689664106989992113.JPG
"Zippo, 200 - 200 Reg Brush Finish","სანთებელები და აქსესუარები, სანთებელა",85.00 ₾,https://www.shop.ge/files/07-2023/ad695544/16896635991654443082.JPG
"Zippo, 239ZL - 239 Zippo Logo - CI","სანთებელები და აქსესუარები, სანთებელა",115.00 ₾,https://www.shop.ge/files/07-2023/ad695532/16896632251597324306.JPG
"Zippo, 238ZL - 238 Zippo Logo - CI","სანთებელები და აქსესუარები, სანთებელა",115.00 ₾,https://www.shop.ge/files/07-2023/ad695509/1689662560510504885.JPG
"Zippo, 21063 - 207 Candy Apple Red","სანთებელები და აქსესუარები, სანთებელა",105.00 ₾,https://www.shop.ge/files/07-2023/ad695497/1689662303513393245.JPG
Zippo Sunglasses - Polarized - UV-400,"სათვალეები, მზის სათვალეები",125.00 ₾,https://www.shop.ge/files/07-2023/ad695494/16896621022139997652.png
"Zippo, 236 - 218 Reg Black Crackle","სანთებელები და აქსესუარები, სანთებელა",95.00 ₾,https://www.shop.ge/files/07-2023/ad695490/1689662036327971410.JPG
Zippo  Sunglasses - Polarized - UV-400,"სათვალეები, მზის სათვალეები",125.00 ₾,https://www.shop.ge/files/07-2023/ad695489/1689661857235187903.png
"Zippo, 218ZL - 218 Zippo Logo - CI","სანთებელები და აქსესუარები, სანთებელა",115.00 ₾,https://www.shop.ge/files/07-2023/ad695484/16896617401310343288.JPG
Zippo Sunglasses - Polarized - UV-400,"სათვალეები, მზის სათვალეები",125.00 ₾,https://www.shop.ge/files/07-2023/ad695483/16896612452047323623.png
Zippo Sunglasses UV-400,"სათვალეები, მზის სათვალეები",100.00 ₾,https://www.shop.ge/files/07-2023/ad695459/16896605232096464245.png
Zippo Sunglasses UV-400,"სათვალეები, მზის სათვალეები",100.00 ₾,https://www.shop.ge/files/07-2023/ad695456/16896601731638176280.png
Zippo Sunglasses UV-400,"სათვალეები, მზის სათვალეები",100.00 ₾,https://www.shop.ge/files/07-2023/ad695454/1689659955166063725.png
Zippo Sunglasses UV-400,"სათვალეები, მზის სათვალეები",100.00 ₾,https://www.shop.ge/files/07-2023/ad695451/16896820461246311827.png
Zippo Sunglasses UV-400,"სათვალეები, მზის სათვალეები",100.00 ₾,https://www.shop.ge/files/07-2023/ad695449/16896593971478704361.png
Zippo  Sunglasses UV-400,"სათვალეები, მზის სათვალეები",100.00 ₾,https://www.shop.ge/files/07-2023/ad695447/16896591291006961994.png
Zippo Sunglasses UV-400,"სათვალეები, მზის სათვალეები",100.00 ₾,https://www.shop.ge/files/07-2023/ad694498/16896041331390368662.png
Zippo Sunglasses UV-400,"სათვალეები, მზის სათვალეები",100.00 ₾,https://www.shop.ge/files/07-2023/ad694497/16896038911554043241.png
"Zippo, 218ZB - 218ZB Reg Black W/Zippo-Border - CI","სანთებელები და აქსესუარები, სანთებელა",115.00 ₾,https://www.shop.ge/files/07-2023/ad694495/16896039542146386123.JPG
Zippo Reading Glasses +2.00,"სათვალეები, საკითხავი სათვალეები",50.00 ₾,https://www.shop.ge/files/07-2023/ad694481/1689603422749208034.png
Zippo Reading Glasses +2.50,"სათვალეები, საკითხავი სათვალეები",50.00 ₾,https://www.shop.ge/files/07-2023/ad694474/16896032361383598261.png
Zippo  Reading Glasses +1.50,"სათვალეები, საკითხავი სათვალეები",50.00 ₾,https://www.shop.ge/files/07-2023/ad694468/168960293789784954.png
"Zippo, 218 - 218 Reg Blk Matte Lt","სანთებელები და აქსესუარები, სანთებელა",95.00 ₾,https://www.shop.ge/files/07-2023/ad694465/16896030751916402277.JPG
Zippo  Reading Glasses +1.00,"სათვალეები, საკითხავი სათვალეები",50.00 ₾,https://www.shop.ge/files/07-2023/ad694463/16896027111166767107.png
Zippo Reading Glasses +3.00,"სათვალეები, საკითხავი სათვალეები",50.00 ₾,https://www.shop.ge/files/07-2023/ad694457/16896024941904128763.png
Zippo Reading Glasses +3.50,"სათვალეები, საკითხავი სათვალეები",50.00 ₾,https://www.shop.ge/files/07-2023/ad694454/1689602278752078931.png
Zippo Reading Glasses +2.50,"სათვალეები, საკითხავი სათვალეები",50.00 ₾,https://www.shop.ge/files/07-2023/ad694453/16896020691398165146.png
"Zippo, 49190ZL - 49190 High Polish Rose Gold ZL - Laser","სანთებელები და აქსესუარები, სანთებელა",145.00 ₾,https://www.shop.ge/files/07-2023/ad694452/1689602123546280865.JPG
"Zippo, 24756ZL - 24756 W/Zippo - Laser","სანთებელები და აქსესუარები, სანთებელა",145.00 ₾,https://www.shop.ge/files/07-2023/ad694447/16896019061279782666.JPG
Zippo Reading Glasses +2.50,"სათვალეები, საკითხავი სათვალეები",50.00 ₾,https://www.shop.ge/files/07-2023/ad694443/1689601645758568424.png
"Zippo, 24747ZL - 24747 W/Zippo - Laser","სანთებელები და აქსესუარები, სანთებელა",145.00 ₾,https://www.shop.ge/files/07-2023/ad694441/1689601651708545898.JPG
Zippo Reading Glasses +1.50,"სათვალეები, საკითხავი სათვალეები",50.00 ₾,https://www.shop.ge/files/07-2023/ad694440/16896014101220073413.png
Zippo Reading Glasses +2.00,"სათვალეები, საკითხავი სათვალეები",50.00 ₾,https://www.shop.ge/files/07-2023/ad694436/1689601203274374477.png
"Zippo, 151ZL - 151 W/Zippo - Laser","სანთებელები და აქსესუარები, სანთებელა",145.00 ₾,https://www.shop.ge/files/07-2023/ad694432/16896012051818602029.JPG
Zippo Reading Glasses +1.00,"სათვალეები, საკითხავი სათვალეები",50.00 ₾,https://www.shop.ge/files/07-2023/ad694431/1689600954903306348.png
"Zippo, 150ZL - 150 W/Zippo Lasered","სანთებელები და აქსესუარები, სანთებელა",145.00 ₾,https://www.shop.ge/files/07-2023/ad694425/16896009071302866377.JPG
Zippo Reading Glasses +3.50,"სათვალეები, საკითხავი სათვალეები",50.00 ₾,https://www.shop.ge/files/07-2023/ad694424/16896006771750974584.png
Zippo Reading Glasses +3.00,"სათვალეები, საკითხავი სათვალეები",50.00 ₾,https://www.shop.ge/files/07-2023/ad694422/1689600485765439415.png
Zippo Reading Glasses +1.00,"სათვალეები, საკითხავი სათვალეები",50.00 ₾,https://www.shop.ge/files/07-2023/ad694420/16896002601135490679.png
Zippo Reading Glasses +1.50,"სათვალეები, საკითხავი სათვალეები",50.00 ₾,https://www.shop.ge/files/07-2023/ad694415/16895999361283619648.PNG
Zippo Reading Glasses +3.50,"სათვალეები, საკითხავი სათვალეები",50.00 ₾,https://www.shop.ge/files/07-2023/ad694408/1689599123214990731.PNG
"Zippo, 28123 - 28123 Slim High Polish Black","სანთებელები და აქსესუარები, სანთებელა",125.00 ₾,https://www.shop.ge/files/07-2023/ad694406/1689599937808345379.JPG
Zippo Reading Glasses +1.00,"სათვალეები, საკითხავი სათვალეები",50.00 ₾,https://www.shop.ge/files/07-2023/ad694403/16895989021329708691.PNG
Zippo  Reading Glasses +3.00,"სათვალეები, საკითხავი სათვალეები",50.00 ₾,https://www.shop.ge/files/07-2023/ad694399/16895986151414421384.PNG
"Zippo, 150 - 150 Black Ice","სანთებელები და აქსესუარები, სანთებელა",125.00 ₾,https://www.shop.ge/files/07-2023/ad694397/1689598698567530808.JPG
Zippo Reading Glasses +1.50,"სათვალეები, საკითხავი სათვალეები",50.00 ₾,https://www.shop.ge/files/07-2023/ad694396/16895983291879902601.PNG
Zippo Reading Glasses +2.00,"სათვალეები, საკითხავი სათვალეები",50.00 ₾,https://www.shop.ge/files/07-2023/ad694391/16895980102098885482.PNG
Zippo  Reading Glasses +3.50,"სათვალეები, საკითხავი სათვალეები",50.00 ₾,https://www.shop.ge/files/07-2023/ad694388/1689597456537067326.PNG
"Zippo, 49193 Glow In The Dark","სანთებელები და აქსესუარები, სანთებელა",115.00 ₾,https://www.shop.ge/files/07-2023/ad694385/1689598111822853313.JPG
Zippo Reading Glasses +2.50,"სათვალეები, საკითხავი სათვალეები",50.00 ₾,https://www.shop.ge/files/07-2023/ad694382/16895971061727039931.PNG
Zippo  Reading Glasses +3.00,"სათვალეები, საკითხავი სათვალეები",50.00 ₾,https://www.shop.ge/files/07-2023/ad694373/1689595947512406419.PNG
"Zippo, 29578 - 218 Playboy","სანთებელები და აქსესუარები, სანთებელა",135.00 ₾,https://www.shop.ge/files/07-2023/ad694366/16895952722118155314.JPG
"Zippo, 254BJD.428 - 254B Jack Daniels Brass","სანთებელები და აქსესუარები, სანთებელა",215.00 ₾,https://www.shop.ge/files/07-2023/ad694362/16895948931732360842.JPG
"Zippo, 250JD.427 - 250 Jack Daniels","სანთებელები და აქსესუარები, სანთებელა",200.00 ₾,https://www.shop.ge/files/07-2023/ad694358/1689594525995098258.JPG
"Zippo, 49532 - Nautical Tattoo Design","სანთებელები და აქსესუარები, სანთებელა",175.00 ₾,https://www.shop.ge/files/07-2023/ad694349/zippo-49532-nautical-tattoo-design-2133768701.JPG
"Zippo, 49355 - Pirate Ship Design","სანთებელები და აქსესუარები, სანთებელა",175.00 ₾,https://www.shop.ge/files/07-2023/ad694311/1689591594171100916.JPG
"Zippo, 49295 - Wolf Pack and Moon Emblem Design","სანთებელები და აქსესუარები, სანთებელა",175.00 ₾,https://www.shop.ge/files/07-2023/ad694305/1689590588308687.JPG
"Zippo, 20855 - 200 Timberwolves","სანთებელები და აქსესუარები, სანთებელა",175.00 ₾,https://www.shop.ge/files/07-2023/ad694272/1689588627585709743.JPG
"Zippo, 29409 - 218 Three Monkeys","სანთებელები და აქსესუარები, სანთებელა",180.00 ₾,https://www.shop.ge/files/07-2023/ad694269/16895883081266838128.JPG
"Zippo, 20854 - 204B Where Eagles Dare","სანთებელები და აქსესუარები, სანთებელა",180.00 ₾,https://www.shop.ge/files/07-2023/ad694268/16895880341219160978.JPG
"Zippo, 49329 - James Bond","სანთებელები და აქსესუარები, სანთებელა",170.00 ₾,https://www.shop.ge/files/07-2023/ad694256/16895869901733800205.JPG
